num,angle,distance,servo
33.0
1,4.115704542359128,2180.0,33.0
2,4.168337127614582,1888.25,33.0
3,4.2174245128269225,2023.75,33.0
4,4.243059036215589,1998.75,33.0
5,4.268693559604256,1968.0,33.0
6,4.294055375297299,1937.25,33.0
7,4.31996260638159,1908.75,33.0
8,4.3447790066833845,1885.5,33.0
9,4.370686237767675,1868.25,33.0
10,4.394684514982597,1842.75,33.0
11,4.420591746066888,1822.75,33.0
12,4.446226269455554,1802.0,33.0
13,4.471588085148597,1778.25,33.0
14,4.496404485450391,1768.5,33.0
15,4.522039008839058,1758.0,33.0
16,4.547673532227725,1743.5,33.0
17,4.572762640225143,1729.75,33.0
18,4.598124455918186,1721.0,33.0
19,4.623213563915605,1715.0,33.0
20,4.648029964217399,1708.0,33.0
21,4.674209902997314,1697.0,33.0
22,4.699299010994732,1688.5,33.0
23,4.724115411296527,1685.5,33.0
24,4.749204519293945,1681.25,33.0
25,4.775111750378236,1682.5,33.0
26,4.797746489115037,1682.0,33.0
27,4.82310830480808,1680.75,33.0
28,4.848470120501123,1685.0,33.0
29,4.873559228498541,1686.25,33.0
30,4.897830213409088,1691.0,33.0
31,4.923737444493378,1694.0,33.0
32,4.948553844795173,1700.25,33.0
33,4.973370245096967,1708.75,33.0
34,4.998459353094385,1715.75,33.0
35,5.023548461091804,1726.75,33.0
36,5.048637569089222,1735.5,33.0
37,5.072908553999769,1747.25,33.0
38,5.098270369692811,1762.75,33.0
39,5.123359477690229,1776.75,33.0
40,5.261894987067279,1010.5,33.0
0,4.038528264497504,2575.25,42.0
1,4.063344664799298,2508.25,42.0
2,4.0892518958835895,2445.0,42.0
3,4.114341003881008,2393.25,42.0
4,4.139975527269675,2341.75,42.0
5,4.165610050658342,2291.25,42.0
6,4.190426450960135,2248.0,42.0
7,4.2157882666531785,2204.0,42.0
8,4.241150082346221,2165.25,42.0
9,4.2667846057348875,2127.5,42.0
10,4.291601006036682,2095.75,42.0
11,4.317508237120973,2063.0,42.0
12,4.342597345118391,2036.0,42.0
13,4.368231868507058,2018.25,42.0
14,4.3925028534176045,1994.0,42.0
15,4.41813737680627,1968.5,42.0
16,4.443771900194937,1942.75,42.0
17,4.468315592801107,1920.75,42.0
18,4.493950116189774,1908.75,42.0
19,4.518493808795944,1896.0,42.0
20,4.543855624488987,1876.0,42.0
21,4.56921744018203,1861.75,42.0
22,4.595124671266321,1855.25,42.0
23,4.620213779263739,1845.0,42.0
24,4.645030179565533,1830.0,42.0
25,4.669846579867328,1821.25,42.0
26,4.695753810951619,1814.25,42.0
27,4.721115626644662,1807.75,42.0
28,4.745659319250832,1804.5,42.0
29,4.771293842639499,1798.5,42.0
30,4.796382950636917,1797.25,42.0
31,4.818744981678094,1796.0,42.0
32,4.843561381979889,1795.25,42.0
33,4.868377782281683,1802.0,42.0
34,4.8931941825834775,1807.0,42.0
35,4.919101413667768,1807.75,42.0
36,4.9441905216651865,1812.5,42.0
37,4.968461506575733,1817.5,42.0
38,4.9940960299644,1823.25,42.0
39,5.07236313860852,1414.0,42.0
40,5.124177600777102,1353.0,42.0
41,5.147357754905151,1374.0,42.0
42,5.20626261715996,987.75,42.0
43,5.286165971977826,886.0,42.0
44,5.309346126105876,878.25,42.0
0,3.8934477704254755,2270.25,51.0
1,3.918809586118518,2214.75,51.0
2,3.944171401811561,2156.75,51.0
3,3.968715094417731,2108.5,51.0
4,4.065526326364291,2789.0,51.0
5,4.090888142057334,2762.75,51.0
6,4.116249957750377,2733.75,51.0
7,4.141339065747795,2705.25,51.0
8,4.166428173745214,2669.25,51.0
9,4.190971866351384,2614.25,51.0
10,4.216333682044427,2562.75,51.0
11,4.241695497737469,2516.75,51.0
12,4.267330021126136,2470.75,51.0
13,4.292691836819178,2429.0,51.0
14,4.317508237120973,2383.75,51.0
15,4.342870052814015,2350.25,51.0
16,4.367959160811433,2324.0,51.0
17,4.392775561113228,2296.25,51.0
18,4.418682792197519,2262.5,51.0
19,4.442953777108065,2231.25,51.0
20,4.468315592801107,2209.0,51.0
21,4.493950116189774,2182.0,51.0
22,4.518766516491569,2163.5,51.0
23,4.543855624488987,2143.75,51.0
24,4.56921744018203,2129.0,51.0
25,4.5937611327882,2116.75,51.0
26,4.618850240785619,2100.25,51.0
27,4.644212056478661,2093.5,51.0
28,4.66930116447608,2082.0,51.0
29,4.694390272473498,2062.25,51.0
30,4.7197520881665405,2052.5,51.0
31,4.7442957807727115,2052.75,51.0
32,4.76938488877013,2047.75,51.0
33,4.794201289071924,2040.75,51.0
34,4.81847227398247,2039.75,51.0
35,4.843288674284264,2038.5,51.0
36,4.867559659194811,2037.0,51.0
37,4.892376059496605,2040.0,51.0
38,4.917465167494023,2042.5,51.0
39,4.9425542754914416,2042.5,51.0
40,5.021094091831187,1541.0,51.0
41,5.046183199828605,1512.0,51.0
42,5.072090430912896,1503.25,51.0
43,5.096361415823442,1513.75,51.0
44,5.120905108429612,1526.25,51.0
45,5.25862249471979,943.0,51.0
46,5.2848024334997055,933.25,51.0
47,5.307982587627754,943.5,51.0
48,5.3341625264076695,957.0,51.0
49,6.068291643027784,795.0,51.0
50,6.097198658763941,784.25,51.0
0,3.897265678164213,2020.25,60.0
1,4.023529341238178,1859.0,60.0
2,4.074525680319887,1711.5,60.0
3,4.1983349741332345,2019.25,60.0
4,4.2476950670411995,2129.75,60.0
5,4.273056882734243,2106.0,60.0
6,4.298145990731661,2081.5,60.0
7,4.3240532218159515,2055.25,60.0
8,4.34914232981337,2046.25,60.0
9,4.449226054107419,2047.75,60.0
10,4.474042454409214,2027.5,60.0
11,4.499949685493505,2002.0,60.0
12,4.524766085795299,1990.75,60.0
13,4.550127901488342,1985.0,60.0
14,4.57521700948576,1981.0,60.0
15,4.6003061174831785,1982.25,60.0
16,4.625395225480597,1982.5,60.0
17,4.65075704117364,1977.25,60.0
18,4.675846149171059,1976.25,60.0
19,4.700935257168477,1979.5,60.0
20,4.7260243651658955,1981.25,60.0
21,4.750840765467689,1984.5,60.0
22,4.775929873465109,2003.5,60.0
23,4.798837319897534,2027.0,60.0
24,4.824199135590576,2035.25,60.0
25,4.849288243587995,2050.0,60.0
26,4.8741046438897895,2064.75,60.0
27,4.898921044191583,2074.5,60.0
28,4.924282859884626,2090.25,60.0
29,4.949371967882045,2106.0,60.0
30,4.974188368183839,2127.75,60.0
31,5.031456984264903,1299.0,60.0
32,5.160993139686357,1085.5,60.0
33,5.186082247683776,1082.75,60.0
34,5.210625940289946,1092.0,60.0
35,5.235987755982989,1103.75,60.0
36,5.261076863980407,1115.5,60.0
37,5.285347848890953,1126.0,60.0
38,6.10374364345892,779.5,60.0
39,6.128832751456338,776.0,60.0
0,3.8999927551204543,471.75,69.0
1,3.928354355465362,464.0,69.0
2,3.9531707557671565,462.25,69.0
3,3.9793506945470716,464.25,69.0
4,4.004712510240114,467.25,69.0
5,4.026801833585667,475.25,69.0
6,4.165064635267093,585.0,69.0
7,4.1871539586126465,598.25,69.0
8,4.214152020479434,607.0,69.0
9,4.240059251563724,604.75,69.0
10,4.26296669799615,597.75,69.0
11,4.288873929080441,591.5,69.0
12,4.3145084524691075,586.75,69.0
13,4.33987026816215,585.0,69.0
14,4.389775776461363,567.25,69.0
15,4.417046546023775,578.0,69.0
16,4.440226700151824,578.75,69.0
17,4.464224977366746,580.5,69.0
18,4.490677623842285,586.75,69.0
19,4.516312147230952,585.5,69.0
20,4.562945163182675,596.0,69.0
21,4.710480026515321,1731.75,69.0
22,4.735296426817115,1734.75,69.0
23,4.760930950205782,1737.5,69.0
24,4.785474642811952,1742.75,69.0
25,4.808927504635626,1751.25,69.0
26,4.8334711972417965,1759.0,69.0
27,4.858560305239215,1768.75,69.0
28,4.882831290149761,1786.5,69.0
29,4.907647690451555,1801.0,69.0
30,4.9321913830577255,1813.75,69.0
31,5.006913291658733,1819.25,69.0
32,5.032002399656151,1838.0,69.0
33,5.056000676871073,1859.5,69.0
34,5.999842011426132,796.75,69.0
35,6.025476534814799,791.25,69.0
36,6.051656473594713,786.0,69.0
37,6.078927243157125,781.25,69.0
38,6.102652812676423,777.5,69.0
39,6.129105459151962,774.25,69.0
0,3.9583522019840145,424.0,78.0
1,3.9790779868514474,428.25,78.0
2,4.349687745204618,484.25,78.0
3,4.377776637853902,480.5,78.0
4,4.398775130416959,481.75,78.0
5,4.423864238414377,485.5,78.0
6,4.451135007976789,491.75,78.0
7,4.538674178272129,1684.5,78.0
8,4.589670517353839,1621.5,78.0
9,4.615305040742506,1596.75,78.0
10,4.639848733348676,1596.75,78.0
11,4.66466513365047,1597.5,78.0
12,4.689481533952264,1597.75,78.0
13,4.715116057340931,1597.75,78.0
14,4.739932457642725,1599.25,78.0
15,4.765566981031392,1603.25,78.0
16,4.789837965941938,1610.25,78.0
17,4.814108950852484,1615.0,78.0
18,4.838652643458655,1620.0,78.0
19,4.863469043760449,1629.75,78.0
20,4.888285444062244,1635.25,78.0
21,4.913374552059662,1644.5,78.0
22,4.937372829274584,1659.25,78.0
23,5.012912860962463,1662.5,78.0
24,5.038001968959882,1676.0,78.0
25,5.645594714810408,578.0,78.0
26,5.672320068981571,566.5,78.0
27,5.698227300065862,555.5,78.0
28,5.883123117699011,823.75,78.0
29,5.907666810305181,816.25,78.0
30,5.931665087520104,809.25,78.0
31,5.958935857082515,802.0,78.0
32,5.984024965079933,796.75,78.0
33,6.007750534599231,791.5,78.0
34,6.034475888770395,789.25,78.0
35,6.0966532433726925,558.75,78.0
0,3.859086600776837,471.5,87.0
1,3.883084877991759,471.0,87.0
2,3.9100829398585466,471.75,87.0
3,3.9354447555515892,475.0,87.0
4,3.956443248114646,480.5,87.0
5,3.9804415253295677,490.0,87.0
6,4.067980695624908,632.5,87.0
7,4.094978757491695,636.0,87.0
8,4.116522665446,641.25,87.0
9,4.142157188834667,656.75,87.0
10,4.166973589136462,670.0,87.0
11,4.192608112525129,681.0,87.0
12,4.238695713085604,735.75,87.0
13,4.2635121133873985,748.75,87.0
14,4.570308270964526,1496.5,87.0
15,4.594579255875073,1479.5,87.0
16,4.694117564777875,1546.25,87.0
17,4.7189339650796684,1549.0,87.0
18,4.744023073077087,1549.75,87.0
19,4.76938488877013,1554.0,87.0
20,4.7939285813763,1555.5,87.0
21,4.817381443199974,1557.5,87.0
22,4.842197843501768,1562.75,87.0
23,4.867286951499186,1571.0,87.0
24,4.891012521018484,1581.0,87.0
25,5.319436310843968,1308.5,87.0
26,5.699590838543982,528.25,87.0
27,5.7265889004107695,513.25,87.0
28,5.7481328083650745,506.0,87.0
29,5.803219762881146,849.5,87.0
30,5.828308870878565,839.25,87.0
31,5.853397978875983,831.25,87.0
32,5.946391303083805,559.5,87.0
33,5.9692987495162315,550.5,87.0
34,5.997660349861139,545.25,87.0
35,6.018658842424196,544.25,87.0
36,6.1190152744138695,540.25,87.0
0,3.7710020150902483,464.75,96.0
1,3.796091123087667,463.0,96.0
2,3.8189985695200925,463.0,96.0
3,3.8435422621262627,465.25,96.0
4,3.8669951239499363,469.0,96.0
5,3.8956294319904683,473.75,96.0
6,3.916627924553525,480.75,96.0
7,4.008257710283227,615.0,96.0
8,4.0303470336287806,613.0,96.0
9,4.058435926278064,614.0,96.0
10,4.082434203492986,616.25,96.0
11,4.104796234534164,620.5,96.0
12,4.1307034656184545,625.75,96.0
13,4.153883619746504,632.5,96.0
14,4.180336266222043,638.75,96.0
15,4.204061835741341,642.75,96.0
16,4.30278202155727,710.0,96.0
17,4.326234883380945,704.75,96.0
18,4.3526875298564836,696.25,96.0
19,4.375867683984533,695.0,96.0
20,4.450316884889916,2342.75,96.0
21,4.475951408278583,2324.25,96.0
22,4.5007678085803775,2311.5,96.0
23,4.525856916577796,2293.75,96.0
24,4.6600291028248595,1210.5,96.0
25,5.208444278724953,559.75,96.0
26,5.290529295107811,507.25,96.0
27,5.313436741540237,506.75,96.0
28,5.337162311059535,507.25,96.0
29,5.3627968344482015,508.25,96.0
30,5.385704280880627,515.25,96.0
31,5.41106609657367,516.0,96.0
32,5.433428127614847,518.5,96.0
33,5.4623351433510035,520.25,96.0
34,5.485788005174677,521.75,96.0
35,5.532148313430777,547.5,96.0
36,5.559691790688812,550.0,96.0
37,5.582053821729989,541.0,96.0
38,5.607415637423032,534.25,96.0
39,5.713498931020812,497.75,96.0
40,5.9892064112967915,475.75,96.0
41,6.030930688727281,583.75,96.0
42,6.08056348933087,582.75,96.0
43,6.103470935763295,579.75,96.0
0,3.7303685684422554,498.0,105.0
1,3.758184753395915,488.0,105.0
2,3.7832738613933334,483.25,105.0
3,3.8091810924776244,482.25,105.0
4,3.835088323561915,486.5,105.0
5,3.854177862255603,497.0,105.0
6,3.9479893095502985,642.75,105.0
7,3.971442171373972,629.5,105.0
8,3.9962585716757664,620.0,105.0
9,4.025438295107547,611.75,105.0
10,4.04889115693122,606.5,105.0
11,4.074525680319887,604.25,105.0
12,4.099069372926057,600.5,105.0
13,4.1274309732709655,595.75,105.0
14,4.149520296616519,598.25,105.0
15,4.175427527700809,602.0,105.0
16,4.22451491291315,584.0,105.0
17,4.253421928649306,587.75,105.0
18,4.274693128907987,591.75,105.0
19,4.301963898470398,593.75,105.0
20,4.323507806424703,600.75,105.0
21,4.350778575987115,614.75,105.0
22,4.3734133147239165,621.0,105.0
23,4.400956791981952,624.25,105.0
24,4.424955069196874,621.0,105.0
25,4.449226054107419,609.75,105.0
26,4.475951408278583,602.75,105.0
27,4.570308270964526,672.0,105.0
28,4.597851748222562,673.0,105.0
29,4.942826983187066,209.75,105.0
30,4.967916091184485,212.25,105.0
31,4.992732491486279,214.75,105.0
32,5.017821599483698,217.25,105.0
33,5.042637999785492,219.75,105.0
34,5.054364430697329,222.75,105.0
35,5.092543508084705,225.75,105.0
36,5.117359908386499,229.0,105.0
37,5.110269508300272,232.5,105.0
38,5.167265416685712,236.25,105.0
39,5.169174370555081,240.25,105.0
40,5.193718063161251,244.5,105.0
41,5.233260679026747,248.75,105.0
42,5.231351725157379,253.25,105.0
43,5.252350217720435,258.5,105.0
44,5.450881420134791,137.75,105.0
45,5.475697820436585,134.0,105.0
46,5.522603544083933,130.0,105.0
47,5.5681457292531595,127.25,105.0
48,5.56950926773128,124.75,105.0
49,5.575781544730635,122.0,105.0
50,5.625687053029847,119.75,105.0
51,5.655139484157252,118.75,105.0
0,4.229696359130008,451.25,114.0
1,4.2539673440405545,442.0,114.0
2,4.3041455600353915,420.75,114.0
3,4.333052575771547,417.75,114.0
4,4.35377836063898,413.25,114.0
5,4.380231007114519,410.25,114.0
6,4.405865530503186,406.5,114.0
7,4.432590884674349,403.5,114.0
8,4.463679561975498,401.0,114.0
9,4.48304180836481,399.75,114.0
10,4.51085799331847,399.5,114.0
11,4.538674178272129,400.25,114.0
12,4.562945163182675,402.0,114.0
13,4.582580117267612,404.25,114.0
14,4.612577963786264,407.75,114.0
15,5.490151328304663,133.25,114.0
16,5.553419513689457,129.5,114.0
17,5.558328252210692,125.75,114.0
18,5.582053821729989,122.5,114.0
19,5.6502307456360175,119.5,114.0
20,5.672320068981571,116.75,114.0
21,5.693863976935876,114.25,114.0
22,5.777857947188103,104.5,114.0
23,5.822309301574833,103.25,114.0
24,5.84985277883287,103.5,114.0
25,5.863215455918451,102.75,114.0
26,5.888577271611493,101.75,114.0
27,5.916938871956401,101.25,114.0
0,3.825816261910695,627.5,123.0
1,3.8506326622124893,633.75,123.0
2,3.8770853086880286,632.5,123.0
3,4.105068942229788,564.75,123.0
4,4.135339496444065,548.75,123.0
5,4.158792358267738,535.25,123.0
6,4.185245004743278,524.5,123.0
7,4.214152020479434,515.25,123.0
8,4.237877589998732,507.75,123.0
9,4.26296669799615,501.75,123.0
10,4.397957007330087,408.25,123.0
11,4.426318607674994,399.25,123.0
12,4.451680423368037,391.0,123.0
13,4.481132854495441,384.0,123.0
14,4.504585716319115,377.75,123.0
15,4.53076565509903,372.0,123.0
16,4.5613089170089305,367.0,123.0
17,4.583943655745732,362.25,123.0
18,4.612577963786264,358.0,123.0
19,4.684300087735406,354.75,123.0
20,4.715116057340931,353.0,123.0
21,4.733114765252123,352.75,123.0
22,4.76474885794452,353.25,123.0
23,4.789019842855065,354.0,123.0
24,4.814108950852484,356.75,123.0
25,5.570054683122528,125.25,123.0
26,5.598143575771812,122.25,123.0
27,5.601688775814925,119.5,123.0
28,5.652412407201011,116.75,123.0
29,5.658411976504741,114.25,123.0
30,5.702317915500224,111.75,123.0
31,5.750859885321316,109.75,123.0
32,5.773221916362493,107.75,123.0
33,5.811400993749869,105.75,123.0
34,5.823127424661706,104.0,123.0
35,5.858034009701592,102.5,123.0
36,5.873578348352167,101.25,123.0
37,5.926210933607621,100.5,123.0
38,6.01293198081609,98.75,123.0
39,6.246369768270331,179.75,123.0
0,3.832633954301298,1406.5,132.0
1,3.8577230622987164,1365.25,132.0
2,3.8836302933830074,1326.5,132.0
3,3.9095375244672983,1291.25,132.0
4,3.934899340160341,1260.25,132.0
5,3.9597157404621353,1231.75,132.0
6,3.986441094633298,1203.75,132.0
7,4.192335404829504,1036.25,132.0
8,4.2174245128269225,1023.0,132.0
9,4.241695497737469,1010.75,132.0
10,4.268966267299881,997.25,132.0
11,4.294328082992923,986.0,132.0
12,4.318599067903469,975.0,132.0
13,4.3447790066833845,965.25,132.0
14,4.368504576202682,956.5,132.0
15,4.394684514982597,947.75,132.0
16,4.420864453762512,941.5,132.0
17,4.6654832567373425,549.0,132.0
18,4.725478949774647,855.0,132.0
19,4.748113688511449,868.5,132.0
20,4.773202796508867,891.25,132.0
21,5.702317915500224,112.0,132.0
22,5.728497854280138,109.75,132.0
23,5.741587823670096,107.25,132.0
24,5.801310809011777,105.5,132.0
25,5.830763240139182,104.25,132.0
26,5.832944901704174,102.75,132.0
27,5.867578779048436,101.25,132.0
28,5.9041216102620675,100.25,132.0
29,5.924574687433877,99.25,132.0
30,5.946118595388182,98.5,132.0
31,5.985388503558054,97.75,132.0
0,3.896992970468589,1227.25,141.0
1,3.9501709711152913,1159.25,141.0
2,3.9752600791127097,1131.25,141.0
3,4.001985433283873,1105.5,141.0
4,4.027892664368164,1079.75,141.0
5,4.05216364927871,1055.0,141.0
6,4.078889003449873,1034.75,141.0
7,4.105341649925412,1016.0,141.0
8,4.129612634835958,998.5,141.0
9,4.156610696702746,981.5,141.0
10,4.180608973917668,965.75,141.0
11,4.208152451175703,950.0,141.0
12,4.233514266868745,936.5,141.0
13,4.257512544083668,924.75,141.0
14,4.283419775167959,912.75,141.0
15,4.308508883165377,901.25,141.0
16,4.333870698858419,890.75,141.0
17,4.359777929942711,882.0,141.0
18,4.386503284113873,874.0,141.0
19,4.413774053676285,866.0,141.0
20,4.438045038586831,859.0,141.0
21,4.462861438888625,853.0,141.0
22,4.489586793059789,847.5,141.0
23,4.515221316448455,842.0,141.0
24,4.540855839837122,836.75,141.0
25,4.56458140935642,833.5,141.0
26,4.590488640440711,829.75,141.0
27,4.617213994611874,826.5,141.0
28,4.640666856435548,825.5,141.0
29,4.665755964432966,824.0,141.0
30,4.693026733995378,822.25,141.0
31,4.71838854968842,821.25,141.0
32,4.741841411512094,820.75,141.0
33,4.768294057987633,821.5,141.0
34,4.815745197026229,828.0,141.0
35,5.795311239708046,105.0,141.0
36,5.815218901488607,103.5,141.0
37,5.839217178703529,102.0,141.0
38,5.869487732917805,101.0,141.0
39,5.903030779479572,100.0,141.0
40,5.916120748869529,99.0,141.0
41,5.955117949343777,98.25,141.0
42,5.965753549473118,97.75,141.0
0,4.022711218151305,1059.5,150.0
1,4.049709280018093,1036.5,150.0
2,4.075071095711135,1015.75,150.0
3,4.101523742186674,993.75,150.0
4,4.126067434792844,975.75,150.0
5,4.153065496659632,958.5,150.0
6,4.178154604657051,940.75,150.0
7,4.202698297263221,926.5,150.0
8,4.230241774521256,913.5,150.0
9,4.255876297909923,900.75,150.0
10,4.280692698211717,888.25,150.0
11,4.306872636991632,877.5,150.0
12,4.331689037293427,866.5,150.0
13,4.357868976073342,855.0,150.0
14,4.384321622548881,846.25,150.0
15,4.409410730546299,839.0,150.0
16,4.436954207804335,833.0,150.0
17,4.462043315801753,826.25,150.0
18,4.4863143007123,819.0,150.0
19,4.513312362579087,813.75,150.0
20,4.538401470576505,809.0,150.0
21,4.563217870878299,804.75,150.0
22,4.589397809658214,800.75,150.0
23,4.613941502264384,797.25,150.0
24,4.6393033179574275,794.5,150.0
25,4.6654832567373425,794.5,150.0
26,4.743477657685839,787.25,150.0
27,4.768021350292009,789.25,150.0
28,4.7944739967675485,790.25,150.0
29,5.769676716319379,102.5,150.0
30,5.864851702092196,100.5,150.0
31,5.90357619487082,99.5,150.0
32,5.9319377952157275,98.75,150.0
33,5.9613902263431315,98.0,150.0
0,4.170518789179575,943.5,159.0
1,4.195607897176994,929.0,159.0
2,4.222333251348157,915.5,159.0
3,4.247422359345576,903.5,159.0
4,4.273329590429866,891.25,159.0
5,4.298964113818533,878.75,159.0
6,4.32596217568532,867.75,159.0
7,4.351051283682739,858.0,159.0
8,4.376140391680157,849.75,159.0
9,4.403956576633817,841.5,159.0
10,4.428500269239987,833.25,159.0
11,4.454407500324278,826.0,159.0
12,4.480042023712945,820.5,159.0
13,4.50622196249286,814.25,159.0
14,4.531311070490278,808.0,159.0
15,4.557763716965817,804.5,159.0
16,4.581761994180739,802.0,159.0
17,4.607396517569406,799.25,159.0
18,4.633849164044945,795.25,159.0
19,4.660301810520484,792.5,159.0
20,4.685118210822278,793.0,159.0
21,4.709389195732824,789.75,159.0
22,4.736114549903988,784.75,159.0
23,4.76011282711891,786.0,159.0
24,4.784383812029456,789.25,159.0
25,5.853397978875983,100.75,159.0
26,5.9000309948277065,99.75,159.0
27,5.908757641087678,99.0,159.0
28,5.948572964648799,98.25,159.0
29,5.984570380471181,97.75,159.0
0,3.975532786808334,1130.25,153.0
1,3.99980377171888,1103.0,153.0
2,4.026256418194419,1077.25,153.0
3,4.05216364927871,1054.5,153.0
4,4.077252757276129,1033.75,153.0
5,4.102887280664795,1013.75,153.0
6,4.1298853425315825,996.25,153.0
7,4.154974450529001,979.75,153.0
8,4.180063558526419,963.25,153.0
9,4.205152666523838,947.5,153.0
10,4.230787189912505,934.5,153.0
11,4.256694420996795,923.0,153.0
12,4.282056236689838,911.5,153.0
13,4.308781590861001,899.5,153.0
14,4.333052575771547,889.0,153.0
15,4.360323345333959,881.5,153.0
16,4.384048914853256,873.25,153.0
17,4.409956145937548,864.5,153.0
18,4.437226915499958,858.5,153.0
19,4.462316023497377,852.5,153.0
20,4.486859716103548,847.0,153.0
21,4.511676116405342,840.25,153.0
22,4.53676522440276,835.0,153.0
23,4.564308701660796,830.5,153.0
24,4.5891251019625905,826.25,153.0
25,4.614759625351257,824.5,153.0
26,4.638757902566179,823.0,153.0
27,4.665210549041718,821.0,153.0
28,4.689754241647888,820.25,153.0
29,4.715934180427803,819.5,153.0
30,4.739387042251477,818.75,153.0
31,4.764476150248895,819.0,153.0
32,4.790383381333187,819.5,153.0
33,5.693863976935876,105.5,153.0
34,5.74186053136572,110.25,153.0
35,5.8054014244461385,103.5,153.0
36,5.838399055616656,102.25,153.0
37,5.852034440397862,101.0,153.0
38,5.895122256306472,100.0,153.0
39,5.920756779695139,99.0,153.0
40,5.959481272473763,98.5,153.0
41,5.9733893649505925,97.75,153.0
42,5.994933272904898,97.0,153.0
0,3.8716311547755464,1347.5,144.0
1,3.9384445402034545,710.5,144.0
2,3.9648971866789933,707.5,144.0
3,4.180336266222043,1044.75,144.0
4,4.2062434973063345,1029.5,144.0
5,4.232150728390625,1015.25,144.0
6,4.256694420996795,1002.5,144.0
7,4.282601652081087,990.75,144.0
8,4.308781590861001,980.0,144.0
9,4.3335979911627955,971.25,144.0
10,4.358414391464589,962.5,144.0
11,4.384867037940129,953.0,144.0
12,4.460952485019257,939.25,144.0
13,4.485768885321051,926.5,144.0
14,4.510039870231597,921.25,144.0
15,4.537037932098385,907.75,144.0
16,4.560218086226434,903.25,144.0
17,4.587216148093222,914.0,144.0
18,4.611214425308144,912.0,144.0
19,4.637121656392434,905.25,144.0
20,4.661119933607356,904.5,144.0
21,4.687572580082896,902.75,144.0
22,4.71238898038469,902.0,144.0
23,4.7380235037733565,903.0,144.0
24,4.762021780988278,903.5,144.0
25,4.786838181290073,908.0,144.0
26,5.687864407632145,112.75,144.0
27,5.716771423368302,110.5,144.0
28,5.738860746713855,108.25,144.0
29,5.763131731624401,106.25,144.0
30,5.794765824316798,104.5,144.0
31,5.8244909631398265,103.0,144.0
32,5.87112397909155,101.75,144.0
33,5.885304779264004,100.5,144.0
34,5.911484718043919,99.5,144.0
35,5.957026903213146,98.75,144.0
36,5.975571026515586,98.0,144.0
37,6.003387211469246,97.5,144.0
0,3.808362969390752,588.75,135.0
1,3.8315431235188018,595.5,135.0
2,3.8574503546030923,610.75,135.0
3,3.9100829398585466,600.75,135.0
4,4.112704757707263,567.5,135.0
5,4.140520942660923,556.5,135.0
6,4.163973804484597,547.0,135.0
7,4.189881035568887,536.5,135.0
8,4.2190607590006675,528.0,135.0
9,4.241695497737469,520.5,135.0
10,4.266511898039264,513.75,135.0
11,4.294328082992923,508.5,135.0
12,4.319144483294718,504.0,135.0
13,4.342051929727143,502.5,135.0
14,4.369595406985178,501.75,135.0
15,4.394957222678221,501.5,135.0
16,4.41677383832815,502.25,135.0
17,4.441590238629945,504.25,135.0
18,4.469951838974852,511.25,135.0
19,4.537583347489632,547.5,135.0
20,4.6090327637431505,640.0,135.0
21,5.550419729037592,124.0,135.0
22,5.603052314293046,121.0,135.0
23,5.624050806856103,118.25,135.0
24,5.675047145937812,115.75,135.0
25,5.704772284760841,113.5,135.0
26,5.732861177410125,111.0,135.0
27,5.752496131495061,108.75,135.0
28,5.780857731839968,106.75,135.0
29,5.8141280707061105,105.0,135.0
30,5.837853640225409,103.25,135.0
31,5.854488809658479,101.75,135.0
32,5.891031640872111,100.75,135.0
33,5.915302625782656,100.25,135.0
0,3.6139223824107587,2420.0,126.0
1,3.638738782712553,2452.0,126.0
2,4.230241774521256,489.0,126.0
3,4.261057744126781,479.5,126.0
4,4.286964975211072,473.5,126.0
5,4.309599713947874,466.75,126.0
6,4.337688606597157,458.5,126.0
7,4.360323345333959,450.25,126.0
8,4.387321407200746,443.75,126.0
9,4.411046976720044,445.25,126.0
10,4.440226700151824,447.5,126.0
11,4.4601343619323846,445.75,126.0
12,4.489314085364165,444.5,126.0
13,4.514948608752832,443.75,126.0
14,4.535947101315888,443.25,126.0
15,4.564035993965172,443.0,126.0
16,4.586125317310725,443.5,126.0
17,4.615032333046881,444.5,126.0
18,4.635485410218689,445.5,126.0
19,4.6654832567373425,446.5,126.0
20,4.686754456996023,446.0,126.0
21,4.711025441906569,445.5,126.0
22,4.739659749947101,447.25,126.0
23,4.763930734857647,450.75,126.0
24,5.536511636560762,131.5,126.0
25,5.596234621902443,124.25,126.0
26,5.58341736020811,121.0,126.0
27,5.636868068550436,118.25,126.0
28,5.6668659150690885,115.75,126.0
29,5.706135823238961,113.25,126.0
30,5.809219332184877,103.0,126.0
31,5.835399270964791,103.25,126.0
32,5.860488378962209,103.25,126.0
33,5.8713966867871745,102.25,126.0
34,6.137559397716309,180.5,126.0
0,3.6114680131501418,706.0,117.0
1,3.6376479519300564,706.25,117.0
2,3.6616462291449787,708.0,117.0
3,3.7617299534390285,422.0,117.0
4,3.7887280153058156,413.5,117.0
5,3.8119081694338655,407.25,117.0
6,3.842451431343766,402.75,117.0
7,3.866449708558688,398.75,117.0
8,3.8888117395998654,395.5,117.0
9,3.91826417072727,392.75,117.0
10,3.9395353709859506,391.0,117.0
11,3.9703513405914754,390.0,117.0
12,3.988077340807043,389.75,117.0
13,4.018620602716944,389.25,117.0
14,4.0415280491493695,389.25,117.0
15,4.068253403320533,390.25,117.0
16,4.095524172882944,391.0,117.0
17,4.115704542359128,392.25,117.0
18,4.144611558095284,394.25,117.0
19,4.163973804484597,396.75,117.0
20,4.191244574047008,399.5,117.0
21,4.213061189696937,403.25,117.0
22,4.2356959284337385,407.0,117.0
23,4.265693774952391,410.5,117.0
24,4.283692482863582,415.0,117.0
25,4.312599498599739,421.0,117.0
26,4.333870698858419,428.0,117.0
27,4.366050206942065,651.0,117.0
28,4.43668150010871,430.25,117.0
29,4.457679992671768,430.0,117.0
30,4.4863143007123,431.5,117.0
31,4.506494670188483,435.0,117.0
32,4.534038147446519,439.5,117.0
33,4.559672670835186,445.5,117.0
34,4.961916521880754,215.25,117.0
35,5.007185999354357,217.5,117.0
36,5.032002399656151,220.0,117.0
37,5.039365507438003,222.75,117.0
38,5.08163520025974,225.75,117.0
39,5.106451600561535,229.0,117.0
40,5.111360339082768,232.5,117.0
41,5.156084401165123,235.75,117.0
42,5.461244312568507,138.75,117.0
43,5.495605482217145,135.25,117.0
44,5.48796966673967,131.5,117.0
45,5.552874098298209,128.5,117.0
46,5.568691144644408,126.0,117.0
47,5.562418867645053,123.25,117.0
48,5.593234837250578,120.5,117.0
0,3.77509263052461,399.75,108.0
1,3.801817984695773,394.0,108.0
2,3.827179800388816,391.75,108.0
3,3.849269123734369,393.0,108.0
4,3.873540108644915,395.5,108.0
5,3.897811093555461,400.0,108.0
6,3.923718324639752,407.25,108.0
7,4.001985433283873,584.75,108.0
8,4.055981557017447,566.0,108.0
9,4.080797957319242,576.75,108.0
10,4.103432696056044,589.25,108.0
11,4.126067434792844,598.0,108.0
12,4.153610912050881,606.0,108.0
13,4.174063989222689,617.25,108.0
14,4.1983349741332345,629.25,108.0
15,4.223151374435029,635.5,108.0
16,4.317235529425348,797.0,108.0
17,4.341233806640271,783.0,108.0
18,4.369322699289555,771.0,108.0
19,4.3935936842001,760.25,108.0
20,4.417591961415023,751.0,108.0
21,4.4426810694124415,743.25,108.0
22,4.495040946972271,2303.0,108.0
23,4.520130054969689,2299.75,108.0
24,4.65539307199925,1204.5,108.0
25,5.282620771934712,509.75,108.0
26,5.304437387584641,507.75,108.0
27,5.329526495582059,509.0,108.0
28,5.354342895883854,510.5,108.0
29,5.376159511533783,517.25,108.0
30,5.4034302810961945,518.75,108.0
31,5.428246681397989,519.75,108.0
32,5.454426620177904,520.0,108.0
33,5.47733406661033,520.25,108.0
34,5.499968805347131,528.25,108.0
35,5.5482380674725995,552.0,108.0
36,5.577963206295627,542.5,108.0
37,5.60332502198867,535.25,108.0
38,5.624050806856103,532.5,108.0
39,5.704226869369593,497.75,108.0
40,6.093926166416451,579.0,108.0
0,3.8064540155213833,418.0,99.0
1,3.8375426928225322,413.5,99.0
2,3.8634499239068227,411.5,99.0
3,3.8841757087742557,411.25,99.0
4,3.9084466936848017,412.25,99.0
5,3.9321722632041,415.5,99.0
6,3.956988663505894,418.75,99.0
7,3.985622971546426,422.75,99.0
8,4.099342080621682,501.25,99.0
9,4.1203405731847385,497.0,99.0
10,4.150338419703391,496.25,99.0
11,4.588579686571342,1484.0,99.0
12,4.688117995474143,1546.25,99.0
13,4.71238898038469,1549.5,99.0
14,4.736659965295236,1551.25,99.0
15,4.761749073292655,1551.75,99.0
16,4.787110888985697,1554.0,99.0
17,4.81056375080937,1557.25,99.0
18,4.836470981893662,1561.5,99.0
19,4.861287382195456,1570.25,99.0
20,4.885285659410378,1577.5,99.0
21,5.6946821000227485,528.25,99.0
22,5.718134961846422,513.75,99.0
23,5.743769485235089,506.25,99.0
24,5.801310809011777,849.5,99.0
25,5.825581793922323,839.5,99.0
26,5.852034440397862,831.25,99.0
27,5.968753334124983,550.75,99.0
28,5.993024319035529,545.5,99.0
29,6.016204473163579,544.25,99.0
30,6.1190152744138695,540.5,99.0
0,3.8822667549048866,441.5,90.0
1,3.911719186032291,433.25,90.0
2,3.9318995555084757,430.5,90.0
3,3.9561705404190217,430.0,90.0
4,3.985350263850802,430.25,90.0
5,4.006621464109482,432.5,90.0
6,4.034437649063142,437.0,90.0
7,4.053799895452454,441.75,90.0
8,4.076980049580504,450.25,90.0
9,4.388412237983243,1761.25,90.0
10,4.412683222893788,1768.75,90.0
11,4.438045038586831,1773.5,90.0
12,4.463679561975498,1766.0,90.0
13,4.488223254581668,1739.0,90.0
14,4.514403193361583,1697.25,90.0
15,4.5389468859677535,1695.25,90.0
16,4.590215932745087,1621.75,90.0
17,4.615032333046881,1597.5,90.0
18,4.640394148739924,1597.25,90.0
19,4.664392425954846,1597.5,90.0
20,4.689481533952264,1597.5,90.0
21,4.715388765036555,1597.25,90.0
22,4.739659749947101,1599.25,90.0
23,4.765566981031392,1603.0,90.0
24,4.78929255055069,1606.25,90.0
25,4.8135635354612365,1615.75,90.0
26,4.838925351154279,1625.0,90.0
27,4.863469043760449,1630.0,90.0
28,4.888285444062244,1636.75,90.0
29,4.913374552059662,1644.5,90.0
30,4.937918244665832,1655.5,90.0
31,5.013458276353711,1655.0,90.0
32,5.037456553568633,1675.75,90.0
33,5.619960191421741,587.75,90.0
34,5.644231176332287,575.5,90.0
35,5.66959299202533,570.5,90.0
36,5.857761302005969,831.5,90.0
37,5.882304994612139,823.75,90.0
38,5.907121394913933,815.25,90.0
39,5.933574041389472,808.0,90.0
40,5.959481272473763,801.25,90.0
41,5.9829341342974365,795.5,90.0
42,6.008568657686103,790.5,90.0
43,6.098834904937685,557.75,90.0
0,4.021347679673185,502.25,81.0
1,4.050254695409341,497.25,81.0
2,4.071798603363646,495.5,81.0
3,4.09988749601293,501.75,81.0
4,4.2348778053468665,664.25,81.0
5,4.287783098297944,625.5,81.0
6,4.313963037077859,616.25,81.0
7,4.337688606597157,609.0,81.0
8,4.365777499246441,606.25,81.0
9,4.389775776461363,605.75,81.0
10,4.416228422936902,608.25,81.0
11,4.43859045397808,613.25,81.0
12,4.46586122354049,618.0,81.0
13,4.487132423799172,622.75,81.0
14,4.539219593663377,625.0,81.0
15,4.663301595172349,1732.0,81.0
16,4.688390703169768,1730.0,81.0
17,4.71238898038469,1734.75,81.0
18,4.737750796077733,1738.0,81.0
19,4.762839904075151,1740.5,81.0
20,4.788201719768193,1749.25,81.0
21,4.812745412374364,1755.5,81.0
22,4.8367436895892855,1763.0,81.0
23,4.861832797586704,1777.25,81.0
24,4.886921905584122,1792.5,81.0
25,4.9122837212771655,1806.0,81.0
26,4.987278337573796,1825.25,81.0
27,5.0110039070930945,1827.5,81.0
28,5.036638430481761,1852.0,81.0
29,5.0611821230879315,1872.0,81.0
30,5.985661211253678,801.5,81.0
31,6.0107503192510965,794.25,81.0
32,6.035839427248515,788.25,81.0
33,6.062837489115302,783.25,81.0
34,6.087653889417097,779.25,81.0
35,6.114106535892636,776.25,81.0
36,6.1372866900206855,773.0,81.0
0,3.9288997708566105,1951.5,72.0
1,3.977987156068951,1913.0,72.0
2,4.003894387153242,1881.0,72.0
3,4.202698297263221,2034.0,72.0
4,4.527765870447165,1992.75,72.0
5,4.552582270748959,1983.25,72.0
6,4.577671378746378,1980.5,72.0
7,4.602760486743796,1978.5,72.0
8,4.627849594741215,1977.5,72.0
9,4.652393287347385,1970.0,72.0
10,4.6783005184316755,1964.75,72.0
11,4.70311691873347,1968.75,72.0
12,4.727933319035264,1975.75,72.0
13,4.752749719337059,1980.75,72.0
14,4.777838827334477,1984.75,72.0
15,4.801018981462527,1995.5,72.0
16,4.825835381764321,2020.75,72.0
17,4.850379074370491,2047.5,72.0
18,4.875740890063534,2062.25,72.0
19,4.90001187497408,2073.25,72.0
20,4.9251009829714985,2087.75,72.0
21,4.950190090968917,2100.75,72.0
22,4.974733783575087,2123.75,72.0
23,5.135085908602067,1115.25,72.0
24,5.161265847381982,1097.0,72.0
25,5.184718709205655,1090.25,72.0
26,5.20953510950745,1100.5,72.0
27,5.235169632896116,1111.0,72.0
28,5.259713325502287,1122.75,72.0
29,5.2856205565865775,1138.75,72.0
30,6.122287766761359,777.0,72.0
0,3.830452292736305,2435.0,63.0
1,3.855814108429348,2369.75,63.0
2,3.8814486318180146,2303.0,63.0
3,3.906810447511057,2236.75,63.0
4,3.9321722632041,2178.75,63.0
5,3.957534078897142,2125.5,63.0
6,3.980714233025192,2085.25,63.0
7,4.077252757276129,2775.25,63.0
8,4.102341865273547,2749.0,63.0
9,4.127703680966589,2707.25,63.0
10,4.153065496659632,2678.25,63.0
11,4.1776091892658025,2654.5,63.0
12,4.203243712654469,2597.75,63.0
13,4.228060112956263,2538.25,63.0
14,4.25369463634493,2490.5,63.0
15,4.278511036646725,2449.25,63.0
16,4.303872852339767,2406.75,63.0
17,4.329507375728434,2366.25,63.0
18,4.354051068334604,2336.25,63.0
19,4.379140176332022,2305.5,63.0
20,4.403956576633817,2281.0,63.0
21,4.429591100022484,2251.75,63.0
22,4.454680208019902,2223.5,63.0
23,4.479496608321696,2196.5,63.0
24,4.504313008623491,2173.0,63.0
25,4.529674824316533,2155.5,63.0
26,4.555036640009576,2139.25,63.0
27,4.580125748006995,2126.25,63.0
28,4.605214856004413,2107.25,63.0
29,4.630303964001832,2090.25,63.0
30,4.655120364303626,2081.0,63.0
31,4.679664056909796,2074.5,63.0
32,4.704753164907214,2064.75,63.0
33,4.730114980600257,2055.5,63.0
34,4.7554767962933,2049.0,63.0
35,4.779475073508221,2043.5,63.0
36,4.80320064302752,2041.75,63.0
37,4.828562458720563,2042.25,63.0
38,4.853106151326733,2042.5,63.0
39,4.8787406747154,2041.0,63.0
40,4.90328436732157,2042.0,63.0
41,4.928100767623364,2043.25,63.0
42,4.953189875620782,2045.5,63.0
43,5.032275107351776,1519.25,63.0
44,5.057364215349194,1517.5,63.0
45,5.08163520025974,1511.25,63.0
46,5.10617889286591,1523.5,63.0
47,5.131540708558953,1533.25,63.0
48,5.26789455637101,928.75,63.0
49,5.2943472028465495,940.25,63.0
50,5.31889089545272,952.25,63.0
51,5.342616464972017,964.5,63.0
52,6.078654535461501,787.5,63.0
53,6.104016351154543,781.5,63.0
0,3.9654426020702416,2775.25,54.0
1,3.990804417763284,2699.5,54.0
2,4.0415280491493695,2550.0,54.0
3,4.067162572538036,2488.75,54.0
4,4.09197897283983,2432.0,54.0
5,4.1178862039241215,2373.75,54.0
6,4.142702604225915,2322.25,54.0
7,4.168609835310207,2275.5,54.0
8,4.193698943307625,2229.75,54.0
9,4.219606174391916,2188.5,54.0
10,4.244149866998086,2153.0,54.0
11,4.269511682691129,2121.5,54.0
12,4.294873498384171,2084.5,54.0
13,4.320235314077214,2053.75,54.0
14,4.3455971297702565,2033.0,54.0
15,4.370958945463299,2008.75,54.0
16,4.396048053460717,1983.25,54.0
17,4.421137161458136,1959.5,54.0
18,4.44595356175993,1935.75,54.0
19,4.471860792844221,1915.75,54.0
20,4.496404485450391,1899.5,54.0
21,4.522039008839058,1883.25,54.0
22,4.547673532227725,1873.25,54.0
23,4.571944517138271,1862.25,54.0
24,4.597851748222562,1845.0,54.0
25,4.622668148524356,1831.25,54.0
26,4.648575379608647,1820.75,54.0
27,4.673119072214817,1816.25,54.0
28,4.697935472516612,1812.5,54.0
29,4.723569995905279,1807.75,54.0
30,4.7483863962070725,1805.25,54.0
31,4.774020919595739,1796.0,54.0
32,4.797473781419414,1792.0,54.0
33,4.822290181721208,1794.5,54.0
34,4.847379289718626,1794.25,54.0
35,4.872741105411669,1797.75,54.0
36,4.897830213409088,1802.0,54.0
37,4.922373906015258,1808.5,54.0
38,4.946644890925803,1814.25,54.0
39,4.9720067066188465,1817.25,54.0
40,4.997368522311889,1823.75,54.0
41,5.075908338651634,1427.25,54.0
42,5.127450093124591,1351.5,54.0
43,5.209807817203074,981.5,54.0
44,5.289438464325315,875.75,54.0
45,5.313436741540237,870.25,54.0
0,4.02898349515066,2374.0,45.0
1,4.054345310843702,2322.0,45.0
2,4.080252541927994,2267.75,45.0
3,4.105068942229788,2207.25,45.0
4,4.130976173314079,2157.75,45.0
5,4.156337989007121,2119.0,45.0
6,4.18142709700454,2085.25,45.0
7,4.207607035784455,2049.25,45.0
8,4.232423436086249,2010.0,45.0
9,4.257785251779292,1980.5,45.0
10,4.283692482863582,1953.5,45.0
11,4.3082361754697525,1920.75,45.0
12,4.334688821945292,1892.75,45.0
13,4.359505222247086,1869.75,45.0
14,4.3837762071576325,1848.25,45.0
15,4.409410730546299,1830.0,45.0
16,4.4347725462393415,1814.25,45.0
17,4.45986165423676,1795.0,45.0
18,4.485496177625427,1776.5,45.0
19,4.5103125779272215,1757.0,45.0
20,4.535674393620264,1743.25,45.0
21,4.561581624704555,1737.5,45.0
22,4.586398025006349,1729.0,45.0
23,4.611214425308144,1718.5,45.0
24,4.636030825609938,1711.75,45.0
25,4.661392641302981,1703.0,45.0
26,4.687572580082896,1693.75,45.0
27,4.712116272689066,1688.5,45.0
28,4.73693267299086,1686.75,45.0
29,4.762294488683903,1685.25,45.0
30,4.787656304376945,1683.75,45.0
31,4.81056375080937,1684.75,45.0
32,4.8359255665024135,1684.25,45.0
33,4.861832797586704,1682.75,45.0
34,4.885831074801627,1688.25,45.0
35,4.911738305885917,1695.5,45.0
36,4.936554706187711,1703.0,45.0
37,4.961098398793882,1707.75,45.0
38,4.986187506791301,1714.25,45.0
39,5.010731199397471,1725.5,45.0
40,5.035547599699265,1731.75,45.0
41,5.060909415392308,1740.5,45.0
42,5.085725815694102,1751.75,45.0
43,5.111360339082768,1762.75,45.0
44,5.135904031688939,1777.25,45.0
45,5.2482596022860735,1008.5,45.0
46,5.272803294892244,1015.0,45.0
0,4.151156542790263,1886.0,36.0
1,4.201607466480724,2006.0,36.0
2,4.227514697565015,1969.75,36.0
3,4.27960186742922,1722.5,36.0
4,4.304690975426639,1703.5,36.0
5,4.329780083424058,1684.75,36.0
6,4.379140176332022,1818.75,36.0
7,4.4036838689381925,1797.75,36.0
8,4.429318392326859,1773.75,36.0
9,4.455225623411151,1757.25,36.0
10,4.480042023712945,1742.0,36.0
11,4.505676547101611,1729.75,36.0
12,4.53076565509903,1721.0,36.0
13,4.556400178487697,1707.0,36.0
14,4.582034701876363,1694.0,36.0
15,4.607123809873782,1684.5,36.0
16,4.632485625566824,1678.0,36.0
17,4.657847441259867,1676.25,36.0
18,4.682663841561661,1671.5,36.0
19,4.708025657254704,1664.25,36.0
20,4.733114765252123,1658.5,36.0
21,4.759021996336413,1658.0,36.0
22,4.783020273551335,1658.75,36.0
23,4.80783667385313,1658.25,36.0
24,4.8323803664593,1659.25,36.0
25,4.85828759754359,1662.25,36.0
26,4.882558582454137,1665.25,36.0
27,4.907647690451555,1669.0,36.0
28,4.933009506144598,1676.0,36.0
29,4.958098614142017,1685.0,36.0
30,4.983187722139435,1690.75,36.0
31,5.008549537832478,1695.75,36.0
32,5.03391135352552,1709.5,36.0
33,5.058182338436066,1721.75,36.0
34,5.084089569520357,1730.75,36.0
35,5.1080878467352795,1747.0,36.0
36,5.165629170511967,1229.5,36.0
0,4.076161926493632,2320.5,36.0
1,4.101523742186674,2266.5,36.0
2,4.1274309732709655,2206.75,36.0
3,4.152520081268384,2162.5,36.0
4,4.178154604657051,2125.0,36.0
5,4.203243712654469,2080.25,36.0
6,4.2294236514343835,2048.0,36.0
7,4.254512759431802,2022.75,36.0
8,4.280419990516093,1987.75,36.0
9,4.305509098513512,1956.25,36.0
10,4.331416329597802,1927.5,36.0
11,4.357050852986469,1904.5,36.0
12,4.381049130201391,1883.25,36.0
13,4.407501776676931,1862.0,36.0
14,4.4323181769787245,1841.25,36.0
15,4.457407284976143,1825.0,36.0
16,4.482769100669186,1816.5,36.0
17,4.507858208666605,1797.0,36.0
18,4.533492732055271,1774.5,36.0
19,4.55994537853081,1760.25,36.0
20,4.584216363441357,1749.75,36.0
21,4.609305471438775,1744.0,36.0
22,4.635212702523066,1735.75,36.0
23,4.661119933607356,1728.5,36.0
24,4.686209041604775,1723.5,36.0
25,4.711298149602193,1714.25,36.0
26,4.73693267299086,1710.0,36.0
27,4.762294488683903,1711.0,36.0
28,4.787383596681321,1712.75,36.0
29,4.810291043113747,1712.0,36.0
30,4.83565285880679,1711.25,36.0
31,4.86156008989108,1714.5,36.0
32,4.885831074801627,1715.75,36.0
33,4.911465598190293,1714.5,36.0
34,4.935736583100839,1719.0,36.0
35,4.961098398793882,1725.0,36.0
36,4.986732922182548,1730.75,36.0
37,5.0118220301799665,1740.25,36.0
38,5.036365722786138,1751.5,36.0
39,5.06172753847918,1762.5,36.0
40,5.116541785299627,1360.25,36.0
41,5.1408127702101725,1366.25,36.0
42,5.165629170511967,1391.0,36.0
43,5.222079663506159,1101.75,36.0
44,5.2752576641528615,1024.75,36.0
45,5.299255941367783,1018.75,36.0
0,4.012075618021965,2759.0,45.0
1,4.037437433715008,2690.5,45.0
2,4.062526541712426,2620.5,45.0
3,4.087888357405468,2551.0,45.0
4,4.112977465402888,2493.75,45.0
5,4.138884696487178,2439.5,45.0
6,4.163973804484597,2385.25,45.0
7,4.189062912482015,2337.0,45.0
8,4.214697435870682,2289.5,45.0
9,4.240604666954972,2250.0,45.0
10,4.266239190343639,2208.5,45.0
11,4.290782882949809,2166.75,45.0
12,4.316417406338476,2141.25,45.0
13,4.342051929727143,2116.75,45.0
14,4.367413745420186,2091.25,45.0
15,4.390593899548235,2069.5,45.0
16,4.41677383832815,2044.0,45.0
17,4.441590238629945,2027.25,45.0
18,4.466679346627363,2004.5,45.0
19,4.49231387001603,1977.5,45.0
20,4.5168575626222,1965.75,45.0
21,4.542764793706491,1946.5,45.0
22,4.5675811940082856,1927.5,45.0
23,4.592943009701328,1919.5,45.0
24,4.6177594100031225,1908.25,45.0
25,4.642848518000541,1895.0,45.0
26,4.668483041389208,1884.5,45.0
27,4.693026733995378,1876.5,45.0
28,4.719206672775293,1869.5,45.0
29,4.743204949990215,1865.25,45.0
30,4.769112181074505,1863.75,45.0
31,4.7939285813763,1860.0,45.0
32,4.816563320113102,1861.5,45.0
33,4.842197843501768,1860.5,45.0
34,4.867014243803562,1855.75,45.0
35,4.892103351800981,1859.0,45.0
36,4.916647044407151,1866.0,45.0
37,4.941190737013321,1873.0,45.0
38,4.966552552706364,1875.0,45.0
39,4.991641660703783,1880.5,45.0
40,5.0709996001304,1395.0,45.0
41,5.096634123519066,1392.5,45.0
42,5.121450523820861,1397.5,45.0
43,5.145448801035783,1409.5,45.0
44,5.202717417116847,978.75,45.0
45,5.283984310412833,892.0,45.0
46,5.309346126105876,880.0,45.0
47,5.334435234103294,883.5,45.0
0,4.028165372063787,1956.0,54.0
1,4.053254480061207,1923.0,54.0
2,4.078070880363001,1895.5,54.0
3,4.103705403751667,1870.25,54.0
4,4.128521804053462,1837.5,54.0
5,4.153610912050881,1826.0,54.0
6,4.250422143997441,2391.25,54.0
7,4.274693128907987,2378.75,54.0
8,4.30005494460103,2364.0,54.0
9,4.325416760294072,2341.0,54.0
10,4.35050586829149,2316.25,54.0
11,4.3750495608976605,2312.25,54.0
12,4.400411376590704,2314.0,54.0
13,4.425500484588122,2306.0,54.0
14,4.4505895925855405,2295.25,54.0
15,4.475133285191711,2291.5,54.0
16,4.500222393189129,2287.75,54.0
17,4.525311501186548,2275.25,54.0
18,4.550127901488342,2271.75,54.0
19,4.575762424877008,2264.25,54.0
20,4.600578825178803,2244.0,54.0
21,4.625122517784973,2231.75,54.0
22,4.650211625782392,2220.5,54.0
23,4.675573441475434,2204.5,54.0
24,4.700935257168477,2195.75,54.0
25,4.7252062420790235,2187.0,54.0
26,4.750568057772066,2175.25,54.0
27,4.775929873465109,2169.5,54.0
28,4.799382735288782,2162.25,54.0
29,4.824199135590576,2161.0,54.0
30,4.849833658979243,2167.75,54.0
31,4.874377351585413,2168.75,54.0
32,4.898921044191583,2162.0,54.0
33,4.924010152189002,2161.25,54.0
34,4.948826552490797,2167.75,54.0
35,5.053273599914832,1589.5,54.0
36,5.1094513852134,1164.5,54.0
37,5.133722370123946,1147.75,54.0
38,5.1590841858169885,1156.5,54.0
39,5.240351079112974,970.5,54.0
40,5.263803940936648,978.5,54.0
41,5.288347633542818,989.75,54.0
42,5.3142548646271095,1001.5,54.0
43,5.338253141842031,1013.75,54.0
44,6.075382043114011,788.5,54.0
45,6.10047115111143,784.75,54.0
46,6.126651089891345,780.25,54.0
0,3.839724354387525,2310.25,63.0
1,3.966533432852738,1837.75,63.0
2,3.9924406639370287,1803.25,63.0
3,4.042618879931866,1655.0,63.0
4,4.06743528023366,1689.0,63.0
5,4.190426450960135,2009.75,63.0
6,4.642303102609293,1904.5,63.0
7,4.6679376259979595,1906.5,63.0
8,4.693026733995378,1904.5,63.0
9,4.717570426601548,1906.75,63.0
10,4.742659534598967,1912.75,63.0
11,4.7674759349007605,1920.75,63.0
12,4.792292335202555,1930.0,63.0
13,4.815472489330605,1946.5,63.0
14,4.840016181936775,1955.5,63.0
15,4.865105289934194,1963.5,63.0
16,4.889921690235988,1976.75,63.0
17,4.915283505929031,1989.25,63.0
18,5.097997661997187,1207.75,63.0
19,5.1487212933832724,1173.75,63.0
20,5.17244686290257,1183.25,63.0
21,5.1980813862912365,1193.25,63.0
22,5.222897786593031,1204.0,63.0
23,6.062292073724054,787.75,63.0
24,6.088199304808345,782.25,63.0
25,6.113833828197012,777.5,63.0
26,6.1381048131075575,775.0,63.0
0,3.918536878422894,475.5,72.0
1,3.9460803556809294,464.75,72.0
2,3.9706240482870996,460.0,72.0
3,3.995440448588894,459.75,72.0
4,4.021893095064433,461.5,72.0
5,4.043709710714363,466.0,72.0
6,4.067162572538036,475.0,72.0
7,4.181972512395788,638.5,72.0
8,4.205425374219462,639.75,72.0
9,4.232696143781873,635.25,72.0
10,4.256149005605547,624.0,72.0
11,4.283147067472334,618.75,72.0
12,4.306327221600384,621.75,72.0
13,4.333052575771547,627.5,72.0
14,4.357050852986469,637.25,72.0
15,4.501313223971626,2427.5,72.0
16,4.526402331969044,2394.0,72.0
17,4.551491439966463,2365.0,72.0
18,4.606305686786909,1705.0,72.0
19,4.631122087088704,1678.75,72.0
20,4.656211195086122,1680.0,72.0
21,4.681027595387917,1680.5,72.0
22,4.705298580298463,1680.0,72.0
23,4.730660395991506,1685.25,72.0
24,4.756022211684548,1689.75,72.0
25,4.781111319681966,1695.5,72.0
26,4.8048368892012645,1699.5,72.0
27,4.828835166416186,1705.5,72.0
28,4.853924274413605,1717.0,72.0
29,4.879013382411023,1725.75,72.0
30,4.90328436732157,1733.5,72.0
31,4.978278983618201,1743.5,72.0
32,5.003368091615619,1751.5,72.0
33,5.974207488037465,800.5,72.0
34,5.998205765252387,795.25,72.0
35,6.024112996336678,789.0,72.0
36,6.048383981247224,784.25,72.0
37,6.076200166200884,780.0,72.0
38,6.098834904937685,776.75,72.0
39,6.12365130523948,773.25,72.0
0,3.8836302933830074,417.5,81.0
1,3.9081739859891775,411.5,81.0
2,3.9368082940297096,409.0,81.0
3,3.963260940505249,408.75,81.0
4,3.983714017677057,411.25,81.0
5,4.006894171805107,418.0,81.0
6,4.285328729037327,724.5,81.0
7,4.309054298556625,744.25,81.0
8,4.365232083855193,1741.0,81.0
9,4.438045038586831,1830.5,81.0
10,4.4634068542798735,1795.25,81.0
11,4.488768669972917,1767.0,81.0
12,4.514403193361583,1722.5,81.0
13,4.591034055831959,1601.75,81.0
14,4.616123163829378,1576.75,81.0
15,4.6401214410442995,1575.25,81.0
16,4.6654832567373425,1573.75,81.0
17,4.690845072430385,1574.75,81.0
18,4.716206888123428,1574.5,81.0
19,4.741023288425222,1576.25,81.0
20,4.765566981031392,1581.75,81.0
21,4.791201504420059,1585.0,81.0
22,4.815472489330605,1587.75,81.0
23,4.839198058849902,1592.75,81.0
24,4.864287166847321,1598.75,81.0
25,4.889921690235988,1604.0,81.0
26,4.914192675146534,1617.25,81.0
27,4.939554490839576,1631.5,81.0
28,5.013458276353711,1629.75,81.0
29,5.039092799742378,1646.25,81.0
30,5.0630910769573,1667.5,81.0
31,5.4885150821309185,657.0,81.0
32,5.513058774737089,639.5,81.0
33,5.540602251995124,628.75,81.0
34,5.805674132141763,850.0,81.0
35,5.832126778617302,840.0,81.0
36,5.855306932745352,831.0,81.0
37,5.8817595792208905,823.0,81.0
38,5.907939518000806,814.25,81.0
39,5.931665087520104,807.5,81.0
40,5.958663149386891,801.5,81.0
41,5.984024965079933,794.75,81.0
42,6.00829594999048,789.75,81.0
43,6.100198443415806,549.0,81.0
44,6.121469643674486,554.25,81.0
0,3.760911830352156,798.75,90.0
1,3.8729946932536667,573.25,90.0
2,3.973078417547717,382.5,90.0
3,4.001985433283873,376.0,90.0
4,4.0224385104556815,372.5,90.0
5,4.054072603148079,371.5,90.0
6,4.071253187972398,372.5,90.0
7,4.094978757491695,375.5,90.0
8,4.122794942445355,381.5,90.0
9,4.144611558095284,391.0,90.0
10,4.200789343393852,548.25,90.0
11,4.569490147877654,706.0,90.0
12,4.594306548179448,695.0,90.0
13,4.620759194654988,683.5,90.0
14,4.645575594956782,674.5,90.0
15,4.671482826041073,670.5,90.0
16,4.695753810951619,669.75,90.0
17,4.721115626644662,670.5,90.0
18,4.8716502746291726,1570.5,90.0
19,5.2258975712448965,1271.0,90.0
20,5.251532094633563,1264.0,90.0
21,5.838671763312281,833.0,90.0
22,5.864851702092196,824.25,90.0
23,5.92811988747699,577.75,90.0
24,5.952118164691912,569.75,90.0
25,5.977752688080579,555.75,90.0
26,6.0074778269036075,546.75,90.0
27,6.0298398579447845,544.0,90.0
28,6.13428690536882,538.75,90.0
29,6.156648936409997,533.25,90.0
0,3.696825521880489,705.25,99.0
1,3.721641922182284,703.0,99.0
2,3.7693657689165034,750.75,99.0
3,3.7941821692182978,747.75,99.0
4,3.877630724079277,623.25,99.0
5,3.928081647769738,585.0,99.0
6,4.030892449020029,378.5,99.0
7,4.053799895452454,371.25,99.0
8,4.080797957319242,367.5,99.0
9,4.111886634620391,365.5,99.0
10,4.128794511749086,363.75,99.0
11,4.161246727528355,362.0,99.0
12,4.18469958935203,360.5,99.0
13,4.213333897392562,360.5,99.0
14,4.2356959284337385,361.0,99.0
15,4.259148790257412,361.0,99.0
16,4.288328513689192,361.25,99.0
17,4.307963467774129,362.25,99.0
18,4.331143621902179,364.5,99.0
19,4.356505437595221,366.75,99.0
20,4.379412884027647,369.25,99.0
21,4.41077426902442,372.5,99.0
22,4.430954638500604,376.75,99.0
23,4.454407500324278,382.25,99.0
24,4.476769531365456,389.0,99.0
25,4.499676977797881,397.25,99.0
26,4.521220885752186,406.75,99.0
27,4.602760486743796,1608.0,99.0
28,4.869468613064179,329.75,99.0
29,4.888285444062244,333.5,99.0
30,4.910647475103421,338.25,99.0
31,4.933282213840222,343.25,99.0
32,4.955098829490151,348.5,99.0
33,4.981006060574442,354.0,99.0
34,5.010458491701846,359.75,99.0
35,5.405884650356811,157.0,99.0
36,5.43097375835423,156.25,99.0
37,5.455790158656025,158.0,99.0
38,6.107016135806409,579.75,99.0
39,6.132105243803827,577.5,99.0
0,3.7137333990091843,675.75,108.0
1,3.7374589685284825,691.0,108.0
2,3.8386335236050284,732.0,108.0
3,3.892356939642979,658.0,108.0
4,3.9174460476403974,644.75,108.0
5,3.9981675255451354,540.5,108.0
6,4.0232566335425535,542.0,108.0
7,4.046709495366228,548.75,108.0
8,4.071525895668022,555.75,108.0
9,4.097160419056689,550.75,108.0
10,4.125522019401597,540.5,108.0
11,4.150065712007767,534.25,108.0
12,4.174063989222689,528.25,108.0
13,4.200243928002604,525.5,108.0
14,4.223424082130653,525.75,108.0
15,4.251785682475561,523.0,108.0
16,4.276602082777355,521.5,108.0
17,4.301691190774774,521.25,108.0
18,4.325416760294072,521.25,108.0
19,4.351323991378363,523.0,108.0
20,4.375867683984533,525.25,108.0
21,4.398775130416959,529.5,108.0
22,4.42604589997937,536.0,108.0
23,4.449771469498668,544.25,108.0
24,4.48767783919042,687.0,108.0
25,4.512766947187838,692.5,108.0
26,4.538674178272129,695.5,108.0
27,4.561854332400179,698.5,108.0
28,4.588852394266966,702.5,108.0
29,4.613123379177512,706.5,108.0
30,4.6393033179574275,710.5,108.0
31,4.711843564993441,728.75,108.0
32,4.735841842208363,741.25,108.0
33,4.985642091400052,177.5,108.0
34,5.010458491701846,179.25,108.0
35,5.035547599699265,181.25,108.0
36,5.0603640000010595,183.25,108.0
37,5.080817077172868,185.75,108.0
38,5.110269508300272,188.5,108.0
39,5.134813200906442,191.0,108.0
40,5.418974619746769,150.0,108.0
41,5.478424897392826,137.25,108.0
42,5.493423820652152,134.5,108.0
43,5.64641283789728,115.5,108.0
44,5.670411115112202,114.5,108.0
45,5.702590623195848,112.5,108.0
0,3.9845321407639296,628.25,117.0
1,4.0104393718482205,610.0,117.0
2,4.0390736798887525,592.75,117.0
3,4.066617157146788,576.25,117.0
4,4.091706265144206,559.75,117.0
5,4.115977250054753,545.5,117.0
6,4.141339065747795,534.5,117.0
7,4.169427958397079,524.5,117.0
8,4.192608112525129,513.5,117.0
9,4.218788051305044,503.25,117.0
10,4.249876728606193,492.0,117.0
11,4.2755112519948595,480.5,117.0
12,4.300600359992278,474.0,117.0
13,4.3273257141634405,474.25,117.0
14,4.348051499030873,474.75,117.0
15,4.374504145506412,473.0,117.0
16,4.397411591938838,471.75,117.0
17,4.423046115327505,471.0,117.0
18,4.448407931020547,470.5,117.0
19,4.474042454409214,470.75,117.0
20,4.5007678085803775,471.5,117.0
21,4.527493162751541,472.0,117.0
22,4.547400824532101,473.25,117.0
23,4.5994879943963065,475.25,117.0
24,4.623486271611228,479.25,117.0
25,4.6504843334780155,483.5,117.0
26,4.674209902997314,487.0,117.0
27,4.695753810951619,490.25,117.0
28,4.724933534383399,492.75,117.0
29,4.749749934685194,494.75,117.0
30,4.771293842639499,497.25,117.0
31,4.992459783790655,120.5,117.0
32,5.487696959044046,132.75,117.0
33,5.555055759863202,129.25,117.0
34,5.571963636991897,125.5,117.0
35,5.581508406338741,122.25,117.0
36,5.626777883812344,119.25,117.0
37,5.654594068766004,116.5,117.0
38,5.671501945894699,114.0,117.0
39,5.729861392758259,111.75,117.0
40,5.736406377453238,109.5,117.0
41,5.762313608537529,107.5,117.0
42,5.822854716966082,105.25,117.0
43,5.909030348783302,100.25,117.0
44,5.911757425739543,100.25,117.0
45,5.956208780126274,99.5,117.0
46,5.983752257384309,99.25,117.0
0,3.770456599699,605.25,126.0
1,3.8459966313868796,614.0,126.0
2,4.307145344687257,1080.5,126.0
3,4.332507160380299,1069.0,126.0
4,4.358141683768966,1058.0,126.0
5,4.384321622548881,1049.25,126.0
6,4.408592607459426,1042.0,126.0
7,4.475951408278583,614.75,126.0
8,4.533492732055271,1018.25,126.0
9,4.559672670835186,1010.0,126.0
10,4.584761778832604,1008.25,126.0
11,4.610669009916895,1004.5,126.0
12,4.635212702523066,1001.75,126.0
13,4.6592109797379875,1001.25,126.0
14,4.685390918517903,999.25,126.0
15,4.709934611124073,998.5,126.0
16,4.7355691345127395,1000.0,126.0
17,4.760658242510158,1000.75,126.0
18,5.6311412069423294,119.0,126.0
19,5.664138838112848,116.5,126.0
20,5.695227515413997,114.0,126.0
21,5.717862254150798,111.75,126.0
22,5.725225361932649,109.25,126.0
23,5.763131731624401,107.25,126.0
24,5.8045833013592665,105.5,126.0
25,5.8348538555735425,104.0,126.0
26,5.871942102178423,102.5,126.0
27,5.9000309948277065,101.25,126.0
28,5.904394317957692,100.25,126.0
29,5.933846749085096,99.25,126.0
30,5.97584373421121,98.5,126.0
0,3.897265678164213,704.0,135.0
1,3.921263955379135,705.5,135.0
2,4.042073464540618,857.75,135.0
3,4.138884696487178,1036.0,135.0
4,4.163701096788972,1019.5,135.0
5,4.189881035568887,1004.75,135.0
6,4.216333682044427,990.25,135.0
7,4.2397865438681,976.75,135.0
8,4.267330021126136,963.75,135.0
9,4.292691836819178,950.75,135.0
10,4.316417406338476,940.25,135.0
11,4.343688175900888,931.0,135.0
12,4.368504576202682,923.75,135.0
13,4.444044607890562,909.75,135.0
14,4.46913371588798,895.25,135.0
15,4.496131777754767,889.75,135.0
16,4.5214935934478095,884.0,135.0
17,4.545491870662732,880.0,135.0
18,4.571126394051399,876.5,135.0
19,4.595124671266321,872.5,135.0
20,4.622395440828732,870.25,135.0
21,4.672573656823569,868.0,135.0
22,4.6982081802122355,866.5,135.0
23,4.722751872818406,866.75,135.0
24,4.7467501500333285,866.5,135.0
25,4.773748211900116,867.0,135.0
26,4.797746489115037,870.75,135.0
27,5.723043700367656,109.25,135.0
28,5.756586746929422,107.25,135.0
29,5.78031231644872,105.25,135.0
30,5.811673701445494,103.75,135.0
31,5.853397978875983,102.25,135.0
32,5.8738510560477915,101.0,135.0
33,5.896758502480217,100.0,135.0
34,5.929210718259486,99.0,135.0
35,5.9510273339094155,98.5,135.0
36,5.993569734426777,98.0,135.0
37,6.0211132116848125,97.5,135.0
0,3.9605338635490077,1130.75,144.0
1,3.987531925415795,1103.75,144.0
2,4.012075618021965,1078.5,144.0
3,4.039346387584376,1054.0,144.0
4,4.063890080190546,1032.0,144.0
5,4.0892518958835895,1013.0,144.0
6,4.115704542359128,993.25,144.0
7,4.142429896530292,973.75,144.0
8,4.166700881440837,958.0,144.0
9,4.193426235612001,942.25,144.0
10,4.218515343609419,928.75,144.0
11,4.244967990084958,918.0,144.0
12,4.268693559604256,905.75,144.0
13,4.29678245225354,892.5,144.0
14,4.32132614485971,881.75,144.0
15,4.347233375944001,873.0,144.0
16,4.3734133147239165,864.5,144.0
17,4.399593253503831,855.75,144.0
18,4.423591530718753,848.0,144.0
19,4.450044177194292,841.5,144.0
20,4.476496823669831,835.5,144.0
21,4.499949685493505,830.0,144.0
22,4.525856916577796,825.25,144.0
23,4.553127686140207,820.75,144.0
24,4.57848950183325,816.75,144.0
25,4.602760486743796,813.25,144.0
26,4.628395010132462,811.5,144.0
27,4.652938702738633,809.25,144.0
28,4.703662334124719,807.0,144.0
29,4.730933103687129,804.0,144.0
30,4.756022211684548,802.75,144.0
31,4.779747781203846,804.5,144.0
32,4.805382304592513,805.25,144.0
33,4.829653289503058,812.0,144.0
34,5.715135177194557,103.25,144.0
35,5.725498069628273,106.25,144.0
36,5.769949424015004,108.25,144.0
37,5.83730822483416,102.75,144.0
38,5.8643062867009474,101.5,144.0
39,5.873305640656543,100.25,144.0
40,5.9095757641745505,99.25,144.0
41,5.930028841346359,98.5,144.0
42,5.963571887908125,98.0,144.0
0,4.088161065101093,1008.25,153.0
1,4.112159342316015,988.75,153.0
2,4.1402482349652985,971.25,153.0
3,4.16615546604959,952.25,153.0
4,4.191789989438256,935.75,153.0
5,4.217151805131299,922.25,153.0
6,4.241422790041845,909.25,153.0
7,4.268420851908632,896.75,153.0
8,4.293237252210426,884.25,153.0
9,4.319689898685966,873.25,153.0
10,4.3455971297702565,862.25,153.0
11,4.371504360854547,852.5,153.0
12,4.397684299634462,843.75,153.0
13,4.422227992240632,836.0,153.0
14,4.448407931020547,829.0,153.0
15,4.473224331322342,823.5,153.0
16,4.500222393189129,817.75,153.0
17,4.525038793490923,812.0,153.0
18,4.549855193792718,808.0,153.0
19,4.575762424877008,804.25,153.0
20,4.60303319443942,800.25,153.0
21,4.628667717828087,796.25,153.0
22,4.653211410434257,792.25,153.0
23,4.6791186415185475,790.75,153.0
24,4.705298580298463,790.75,153.0
25,4.729842272904633,788.5,153.0
26,4.756022211684548,788.5,153.0
27,4.780565904290718,785.75,153.0
28,4.8056550122881365,785.75,153.0
29,4.828017043329314,790.5,153.0
30,4.853651566717981,798.0,153.0
31,5.879032502264649,99.75,153.0
32,5.928392595172614,99.0,153.0
33,5.933574041389472,98.25,153.0
34,5.981570595819316,97.5,153.0
0,4.105341649925412,991.25,159.0
1,4.132067004096575,973.25,159.0
2,4.157428819789618,955.0,159.0
3,4.182245220091412,938.5,159.0
4,4.207607035784455,925.5,159.0
5,4.234332389955618,912.5,159.0
6,4.259966913344285,899.5,159.0
7,4.2858741444285755,887.5,159.0
8,4.31069054473037,876.5,159.0
9,4.337143191205909,866.75,159.0
10,4.3630504222902,857.25,159.0
11,4.388957653374491,848.25,159.0
12,4.414319469067533,840.25,159.0
13,4.438863161673703,833.5,159.0
14,4.465043100453618,827.25,159.0
15,4.4920411623204055,822.25,159.0
16,4.516039439535327,817.25,159.0
17,4.543037501402115,810.25,159.0
18,4.568944732486406,807.0,159.0
19,4.593488425092576,798.25,159.0
20,4.6185775330899945,794.25,159.0
21,4.64475747186991,797.5,159.0
22,4.66930116447608,795.5,159.0
23,4.694117564777875,794.5,159.0
24,4.720297503557789,793.25,159.0
25,4.745386611555207,794.25,159.0
26,4.795837535245669,794.75,159.0
27,4.820381227851839,792.75,159.0
28,5.755495916146926,103.5,159.0
29,5.849580071137245,101.5,159.0
30,5.885850194655252,100.5,159.0
31,5.914757210391408,99.5,159.0
32,5.930028841346359,98.75,159.0
33,5.951572749300664,98.0,159.0
0,3.8719038624711706,1277.75,150.0
1,3.897811093555461,1242.5,150.0
2,3.923718324639752,1207.5,150.0
3,3.9488074326371705,1176.25,150.0
4,3.9752600791127097,1147.5,150.0
5,4.103705403751667,1034.25,150.0
6,4.129339927140334,1016.0,150.0
7,4.154429035137753,999.75,150.0
8,4.181699804700164,984.25,150.0
9,4.205698081915086,968.5,150.0
10,4.231332605303753,954.25,150.0
11,4.257512544083668,941.75,150.0
12,4.283147067472334,930.5,150.0
13,4.3082361754697525,921.0,150.0
14,4.3352342373365405,911.75,150.0
15,4.358687099160214,901.25,150.0
16,4.513039654883462,858.75,150.0
17,4.538401470576505,854.5,150.0
18,4.563490578573924,850.75,150.0
19,4.588306978875718,847.25,150.0
20,4.613123379177512,845.75,150.0
21,4.6393033179574275,843.25,150.0
22,4.663301595172349,841.25,150.0
23,4.690845072430385,840.25,150.0
24,4.714297934254058,839.5,150.0
25,4.74020516533835,840.25,150.0
26,4.765021565640144,839.75,150.0
27,4.78929255055069,840.5,150.0
28,4.812745412374364,850.5,150.0
29,5.723316408063281,112.5,150.0
30,5.773221916362493,105.5,150.0
31,5.8021289320986495,104.0,150.0
32,5.825854501617947,102.5,150.0
33,5.855034225049727,101.0,150.0
34,5.886668317742124,100.0,150.0
35,5.922665733564508,99.25,150.0
36,5.935210287563217,98.5,150.0
37,5.9709349956899755,98.0,150.0
38,5.987570165123047,97.25,150.0
0,3.8429968467350144,650.0,141.0
1,3.87054032399305,637.5,141.0
2,4.178972727743923,1085.25,141.0
3,4.204879958828213,1068.75,141.0
4,4.2286055283475115,1055.0,141.0
5,4.2539673440405545,1043.25,141.0
6,4.355414606812724,1000.5,141.0
7,4.381867253288264,992.25,141.0
8,4.406410945894434,984.75,141.0
9,4.431227346196228,976.75,141.0
10,4.456861869584895,971.5,141.0
11,4.4824963929735615,966.5,141.0
12,4.506767377884108,960.5,141.0
13,4.531583778185902,956.0,141.0
14,4.557218301574569,952.75,141.0
15,4.581761994180739,951.75,141.0
16,4.608487348351902,947.5,141.0
17,4.633303748653697,943.0,141.0
18,4.658120148955491,940.5,141.0
19,4.682936549257286,940.0,141.0
20,4.709116488037201,941.25,141.0
21,4.733932888338995,941.5,141.0
22,4.758749288640789,943.25,141.0
23,4.781929442768839,952.0,141.0
24,5.663320715025975,116.0,141.0
25,5.676683392111557,113.75,141.0
26,5.721134746498287,111.25,141.0
27,5.741042408278847,109.0,141.0
28,5.760950070059408,107.0,141.0
29,5.809219332184877,105.25,141.0
30,5.828581578574188,103.5,141.0
31,5.844671332616011,102.25,141.0
32,5.871669394482798,101.0,141.0
33,5.901121825610202,99.75,141.0
34,5.951300041605039,99.25,141.0
35,5.959208564778139,98.5,141.0
36,5.9788435188630755,97.75,141.0
0,3.7099154912704466,701.75,132.0
1,3.790909676870809,595.75,132.0
2,3.968715094417731,558.75,132.0
3,3.994895033197646,556.5,132.0
4,4.01971143349944,555.0,132.0
5,4.047254910757475,553.75,132.0
6,4.072616726450518,551.25,132.0
7,4.09661500366544,547.0,132.0
8,4.121976819358483,545.75,132.0
9,4.147065927355902,552.25,132.0
10,4.169427958397079,557.5,132.0
11,4.198062266437611,553.5,132.0
12,4.276602082777355,507.25,132.0
13,4.30005494460103,508.25,132.0
14,4.327598421859065,512.25,132.0
15,4.349415037508994,508.5,132.0
16,4.374504145506412,506.75,132.0
17,4.403411161242569,506.5,132.0
18,4.4252277768924975,507.0,132.0
19,4.448680638716172,508.5,132.0
20,4.474042454409214,512.25,132.0
21,4.499131562406633,517.0,132.0
22,4.744023073077087,561.75,132.0
23,4.770475719552626,566.0,132.0
24,4.99873206079001,108.0,132.0
25,5.5307847749526555,131.0,132.0
26,5.55096514442884,127.5,132.0
27,5.541147667386372,124.0,132.0
28,5.600870652728053,121.0,132.0
29,5.628959545377337,118.25,132.0
30,5.667956745851585,115.5,132.0
31,5.702045207804599,113.25,132.0
32,5.741315115974472,111.0,132.0
33,5.748950931451947,108.75,132.0
34,5.794765824316798,106.75,132.0
35,5.811673701445494,105.0,132.0
36,5.856397763527848,103.5,132.0
37,5.864033579005323,102.25,132.0
38,5.952390872387536,97.75,132.0
39,5.985933918949302,98.0,132.0
40,6.012386565424841,98.0,132.0
41,6.039111919596004,97.75,132.0
42,6.181738044407416,179.0,132.0
43,6.2065544447092105,179.25,132.0
0,4.1091595576641495,528.25,123.0
1,4.130158050227206,518.5,123.0
2,4.156610696702746,509.75,123.0
3,4.186881250917022,498.75,123.0
4,4.208425158871327,492.0,123.0
5,4.237059466911859,487.5,123.0
6,4.264057528778646,479.0,123.0
7,4.287783098297944,471.25,123.0
8,4.313963037077859,472.0,123.0
9,4.339052145075278,473.5,123.0
10,4.3655047915508165,471.75,123.0
11,4.391139314939483,469.75,123.0
12,4.413501345980661,468.75,123.0
13,4.44131753093432,468.25,123.0
14,4.460407069628008,467.75,123.0
15,4.490677623842285,469.25,123.0
16,4.516039439535327,470.5,123.0
17,4.536219809011512,471.25,123.0
18,4.562672455487051,472.25,123.0
19,4.588852394266966,472.0,123.0
20,4.611759840699392,471.5,123.0
21,4.638212487174931,472.0,123.0
22,4.663301595172349,473.5,123.0
23,4.684572795431031,476.75,123.0
24,4.714297934254058,481.75,123.0
25,4.7372053806864844,491.0,123.0
26,5.0014591377462505,153.25,123.0
27,5.026275538048045,154.75,123.0
28,5.051091938349839,156.5,123.0
29,5.5005142207383795,131.5,123.0
30,5.550419729037592,123.5,123.0
31,5.609324591292401,121.0,123.0
32,5.749769054538819,108.0,123.0
33,5.781403147231217,106.75,123.0
34,5.806764962924259,105.25,123.0
35,5.8523071480934865,104.75,123.0
36,6.116833612848877,182.5,123.0
0,3.6883715833161417,707.25,114.0
1,3.7142788144004326,712.75,114.0
2,3.739095214702227,714.75,114.0
3,3.787091769132071,757.5,114.0
4,3.8416333082568936,686.75,114.0
5,3.8931750627298514,639.0,114.0
6,3.918536878422894,623.25,114.0
7,3.9466257710721777,611.5,114.0
8,3.971714879069596,602.5,114.0
9,3.9987129409363833,598.5,114.0
10,4.022711218151305,598.5,114.0
11,4.046709495366228,600.0,114.0
12,4.072889434146142,604.75,114.0
13,4.093615219013575,612.5,114.0
14,4.120885988575987,620.0,114.0
15,4.143520727312788,627.25,114.0
16,4.170791496875199,636.25,114.0
17,4.194517066394497,643.75,114.0
18,4.2190607590006675,642.5,114.0
19,4.243059036215589,647.0,114.0
20,4.2676027288217595,663.75,114.0
21,4.289964759862937,677.75,114.0
22,4.315599283251604,694.0,114.0
23,4.341506514335895,706.75,114.0
24,4.365232083855193,707.25,114.0
25,4.388957653374491,705.75,114.0
26,4.4156830075456535,705.75,114.0
27,4.440499407847448,707.25,114.0
28,4.465043100453618,710.25,114.0
29,4.490950331537909,717.0,114.0
30,4.654574948912377,367.25,114.0
31,4.676936979953555,371.0,114.0
32,4.811381873896243,252.25,114.0
33,4.895103136452846,253.5,114.0
34,4.90001187497408,256.25,114.0
35,4.936281998492087,259.0,114.0
36,4.955098829490151,262.0,114.0
37,4.988914583747541,265.5,114.0
38,4.996004983833768,269.0,114.0
39,5.036911138177385,272.75,114.0
40,5.050546522958591,276.75,114.0
41,5.0794535386947475,281.0,114.0
42,5.102088277431549,285.25,114.0
43,5.1192688622558675,290.0,114.0
44,5.495605482217145,133.75,114.0
0,3.748912691744695,781.0,105.0
1,3.771820138177121,794.75,105.0
2,3.882812170296135,610.25,105.0
3,3.9059923244241848,603.25,105.0
4,3.9343539247690926,603.25,105.0
5,3.958897617375263,601.25,105.0
6,4.078070880363001,425.25,105.0
7,4.104250819142916,418.25,105.0
8,4.1274309732709655,415.5,105.0
9,4.151701958181511,416.5,105.0
10,4.182245220091412,414.75,105.0
11,4.20597078961071,412.25,105.0
12,4.23051448221688,415.0,105.0
13,4.253149220953682,421.0,105.0
14,4.271966051951746,428.75,105.0
15,4.30141848307915,437.25,105.0
16,4.4219552845450085,783.5,105.0
17,4.448407931020547,767.25,105.0
18,4.476224115974207,750.75,105.0
19,4.5007678085803775,735.0,105.0
20,4.52612962427342,723.25,105.0
21,4.552854978444583,713.5,105.0
22,4.576580547963881,712.5,105.0
23,4.780565904290718,637.25,105.0
24,5.172992278293818,725.5,105.0
25,5.1964451401174925,709.0,105.0
26,5.221806955810535,698.5,105.0
27,5.686228161458401,512.0,105.0
28,5.711589977151443,504.75,105.0
29,5.818218686140472,839.5,105.0
30,5.870305856004678,825.25,105.0
31,6.080290781635245,583.0,105.0
32,6.108106966588905,579.75,105.0
0,3.789818846088312,860.25,96.0
1,3.8530870314731067,604.75,96.0
2,3.937899124812206,477.5,96.0
3,3.9668061405483623,467.0,96.0
4,3.992713371632653,461.25,96.0
5,4.014802694978206,459.0,96.0
6,4.041800756844993,459.0,96.0
7,4.066889864842412,462.75,96.0
8,4.092251680535455,468.25,96.0
9,4.4015022073732,1794.75,96.0
10,4.427136730761867,1801.0,96.0
11,4.451953131063661,1790.0,96.0
12,4.67993676460542,1558.75,96.0
13,4.704480457211591,1555.25,96.0
14,4.730114980600257,1556.5,96.0
15,4.754385965510803,1557.5,96.0
16,4.78002048889947,1561.75,96.0
17,4.802655227636271,1566.75,96.0
18,4.828562458720563,1570.0,96.0
19,4.8533788590223566,1577.75,96.0
20,4.878467967019775,1587.5,96.0
21,4.9027389519303215,1596.0,96.0
22,5.426065019832996,699.25,96.0
23,5.710499146368947,531.25,96.0
24,5.819854932314216,841.0,96.0
25,5.846852994181004,831.75,96.0
26,5.870578563700302,824.0,96.0
27,5.934937579867593,581.75,96.0
28,5.959208564778139,568.0,96.0
29,5.987297457427423,559.5,96.0
30,6.062837489115302,555.5,96.0
31,6.085744935547728,548.5,96.0
32,6.111652166632019,542.5,96.0
0,3.9389899555947023,512.0,87.0
1,3.9657153097658657,502.0,87.0
2,3.9935314947195253,496.25,87.0
3,4.017802479630071,492.25,87.0
4,4.0415280491493695,492.75,87.0
5,4.064980910973043,497.75,87.0
6,4.093342511317951,504.25,87.0
7,4.2564217133011715,669.5,87.0
8,4.279056452037973,679.0,87.0
9,4.305509098513512,684.75,87.0
10,4.3551418991171005,664.25,87.0
11,4.380231007114519,667.25,87.0
12,4.4036838689381925,677.25,87.0
13,4.532947316664023,1772.0,87.0
14,4.557218301574569,1750.25,87.0
15,4.608760056047527,1635.0,87.0
16,4.633849164044945,1635.0,87.0
17,4.6592109797379875,1632.5,87.0
18,4.684572795431031,1629.25,87.0
19,4.709116488037201,1632.25,87.0
20,4.733932888338995,1636.75,87.0
21,4.759840119423286,1639.25,87.0
22,4.78465651972508,1643.25,87.0
23,4.80783667385313,1649.25,87.0
24,4.832653074154924,1655.5,87.0
25,4.857196766761095,1663.75,87.0
26,4.882558582454137,1672.5,87.0
27,4.906829567364683,1686.0,87.0
28,4.981824183661314,1700.5,87.0
29,5.007185999354357,1703.5,87.0
30,5.031729691960527,1712.5,87.0
31,5.9033034871751955,821.0,87.0
32,5.927029056694494,811.25,87.0
33,5.954027118561281,805.25,87.0
34,5.976661857298082,798.75,87.0
35,6.003659919164869,792.5,87.0
36,6.027385488684168,786.75,87.0
37,6.055201673637827,781.75,87.0
38,6.079745366243998,775.25,87.0
39,6.10510718193704,771.25,87.0
40,6.129105459151962,771.25,87.0
0,3.9624428174183763,1776.0,78.0
1,4.013439156500086,1615.75,78.0
2,4.038528264497504,1639.0,78.0
3,4.063344664799298,1688.0,78.0
4,4.185790420134525,1976.0,78.0
5,4.210879528131944,1954.0,78.0
6,4.236241343824987,1933.75,78.0
7,4.261057744126781,1912.75,78.0
8,4.2866922675154475,1887.25,78.0
9,4.311235960121618,1883.5,78.0
10,4.408865315155051,2332.75,78.0
11,4.459316238845512,2129.5,78.0
12,4.611214425308144,1839.0,78.0
13,4.637121656392434,1813.0,78.0
14,4.661665348998604,1815.0,78.0
15,4.686754456996023,1818.25,78.0
16,4.711570857297818,1818.5,78.0
17,4.736114549903988,1819.0,78.0
18,4.761203657901406,1830.75,78.0
19,4.787110888985697,1840.25,78.0
20,4.810291043113747,1840.25,78.0
21,4.834016612633045,1848.5,78.0
22,4.858833012934839,1861.0,78.0
23,4.883922120932257,1872.5,78.0
24,4.9092839366253,1888.75,78.0
25,4.983460429835059,1892.75,78.0
26,5.06500003082667,1294.5,78.0
27,5.0889983080415915,1285.5,78.0
28,5.113542000647762,1292.75,78.0
29,5.139449231732052,1300.5,78.0
30,6.031203396422905,792.0,78.0
31,6.056292504420323,785.25,78.0
32,6.083563273982735,780.0,78.0
33,6.10647072041516,777.75,78.0
34,6.1329233668907,774.5,78.0
0,3.8694494932105536,2378.0,69.0
1,3.893993185816724,2392.75,69.0
2,3.9438986941159366,2543.5,69.0
3,4.043437003018738,2238.0,69.0
4,4.096069588274192,1766.75,69.0
5,4.145156973486532,1863.5,69.0
6,4.1697006660927025,1909.75,69.0
7,4.267875436517384,2216.75,69.0
8,4.293237252210426,2192.0,69.0
9,4.318599067903469,2167.75,69.0
10,4.343415468205263,2157.5,69.0
11,4.368231868507058,2155.5,69.0
12,4.393048268808852,2147.75,69.0
13,4.418410084501895,2142.0,69.0
14,4.443226484803689,2135.75,69.0
15,4.468588300496732,2124.5,69.0
16,4.493950116189774,2121.0,69.0
17,4.518493808795944,2121.0,69.0
18,4.543310209097739,2114.25,69.0
19,4.568126609399534,2110.75,69.0
20,4.593215717396952,2110.75,69.0
21,4.618850240785619,2113.5,69.0
22,4.643666641087413,2119.25,69.0
23,4.668210333693583,2122.0,69.0
24,4.693572149386626,2128.5,69.0
25,4.71838854968842,2133.5,69.0
26,4.74293224229459,2140.25,69.0
27,4.768294057987633,2148.25,69.0
28,4.793383165985052,2148.75,69.0
29,4.816290612417477,2157.25,69.0
30,4.84165242811052,2170.75,69.0
31,4.86619612071669,2185.5,69.0
32,4.891012521018484,2211.25,69.0
33,4.916101629015903,2238.0,69.0
34,4.9409180293176975,2255.75,69.0
35,4.993550614573151,1712.25,69.0
36,5.050273815262967,1247.25,69.0
37,5.152266493426386,1080.75,69.0
38,5.202717417116847,1021.25,69.0
39,5.228351940505513,1028.75,69.0
40,5.2545318792854285,1039.25,69.0
41,5.279348279587222,1051.0,69.0
42,5.304437387584641,1061.75,69.0
43,5.328981080190811,1074.0,69.0
44,6.116560905153253,778.0,69.0
45,6.141377305455047,775.5,69.0
